id,nombre,distrito,source
HCDN1136,"Abdala de Matarazzo, Norma Amanda",Santiago Del Estero,argentinadatos
HCDN1382,"Abraham, Alejandro",Mendoza,argentinadatos
HCDN1441,"Acerenza, Samanta Maria Celeste",Buenos Aires,argentinadatos
HCDN0055,"Acevedo, Sergio",Santa Cruz,argentinadatos
vote-acevedo-sergio-edgardo,"Acevedo, Sergio Edgardo",,votes
HCDN0970,"Acosta, Maria Julia",Catamarca,argentinadatos
HCDN3018,"Agost Carreño, Oscar",Cordoba,argentinadatos
HCDN0971,"Agosto, Walter Alfredo",Santa Fe,argentinadatos
HCDN0845,"Aguad, Oscar Raul",Cordoba,argentinadatos
HCDN3166,"Aguero, Guillermo Cesar",Chaco,argentinadatos+hcdn
HCDN1232,"Aguilar, Lino Walter",San Luis,argentinadatos
HCDN0972,"Aguirre, Hilda",La Rioja,argentinadatos+hcdn
HCDN2959,"Aguirre, Manuel Ignacio",Corrientes,argentinadatos
HCDN2349,"Aicega, Juan",Buenos Aires,argentinadatos
HCDN2916,"Ajmechet, Sabrina",CABA,argentinadatos+hcdn
HCDN1101,"Albarracin, Jorge Luis",Mendoza,argentinadatos
HCDN1572,"Albornoz, Gabriela Romina",Jujuy,argentinadatos
HCDN1137,"Albrieu, Oscar Edmundo Nicolas",Rio Negro,argentinadatos
HCDN0163,"Albrisi, Cesar Alfredo",Cordoba,argentinadatos
HCDN1068,"Alcuaz, Horacio Alberto",Buenos Aires,argentinadatos
HCDN2859,"Alderete, Juan Carlos",Buenos Aires,argentinadatos
HCDN1338,"Alegre, Gilberto Oscar",Buenos Aires,argentinadatos
HCDN0973,"Alfaro, German Enrique",Tucuman,argentinadatos
HCDN1138,"Alfonsin, Ricardo Luis",Buenos Aires,argentinadatos
HCDN3140,"Ali, Ernesto Pipi",San Luis,argentinadatos+hcdn
HCDN2912,"Alianiello, Eugenia",Chubut,argentinadatos
HCDN1222,"Alizegui, Antonio Anibal",Entre Rios,argentinadatos
HCDN2350,"Allende, Walberto",San Juan,argentinadatos
HCDN3171,"Almena, Carlos Alberto",San Luis,argentinadatos+hcdn
HCDN3029,"Almiron, Lisandro",Corrientes,argentinadatos+hcdn
HCDN2937,"Alonso, Constanza Maria",Buenos Aires,argentinadatos
HCDN0733,"Alonso, Gumersindo Federico",Cordoba,argentinadatos
HCDN1568,"Alonso, Horacio Fernando",Buenos Aires,argentinadatos
HCDN1139,"Alonso, Laura",CABA,argentinadatos
HCDN2351,"Alonso, Laura V.",Buenos Aires,argentinadatos
HCDN1233,"Alonso, Maria Luz",La Pampa,argentinadatos
HCDN2352,"Alume Sbodio, Karim Augusto",San Luis,argentinadatos
HCDN0846,"Alvarez Rodriguez, Maria Cristina",Buenos Aires,argentinadatos
HCDN3178,"Alvarez, Claudio",San Luis,argentinadatos+hcdn
HCDN1140,"Alvarez, Elsa Maria",Santa Cruz,argentinadatos
HCDN2790,"Alvarez, Felipe",La Rioja,argentinadatos
HCDN1141,"Alvarez, Jorge Mario",Santa Fe,argentinadatos
HCDN0693,"Alvarez, Juan Jose",Buenos Aires,argentinadatos
HCDN0974,"Alvaro, Hector Jorge",Mendoza,argentinadatos
HCDN1142,"Amadeo, Eduardo Pablo",Buenos Aires,argentinadatos
HCDN2806,"Amaya, Domingo Luis",Tucuman,argentinadatos
HCDN2805,"Ameri, Juan Emilio",Salta,argentinadatos
HCDN3185,"Andino, Cristian",San Juan,argentinadatos+hcdn
HCDN3226,"Andrade, Javier",CABA,argentinadatos+hcdn
HCDN3157,"Andreussi, Barbara",Jujuy,argentinadatos+hcdn
HCDN2793,"Angelini, Federico",Santa Fe,argentinadatos
HCDN2354,"Ansaloni, Pablo",Buenos Aires,argentinadatos+hcdn
HCDN2893,"Antola, Marcela",Entre Rios,argentinadatos
HCDN2759,"Aparicio, Alicia N.",Buenos Aires,argentinadatos
HCDN3032,"Arabia, Damian",CABA,argentinadatos+hcdn
HCDN1234,"Aragon, Santiago Diego",Buenos Aires,argentinadatos
HCDN3022,"Arancibia Rodriguez, Alberto Gustavo",San Luis,argentinadatos
HCDN3047,"Araujo Hernandez, Jorge Neri",Tierra Del Fuego,argentinadatos+hcdn
HCDN3023,"Araujo, Maria Fernanda",CABA,argentinadatos
HCDN0975,"Arbo, Jose Ameghino",Corrientes,argentinadatos
HCDN2355,"Arce, Mario Horacio",Formosa,argentinadatos
HCDN3049,"Ardohain, Martin",La Pampa,argentinadatos+hcdn
HCDN1143,"Arena, Celia Isabel",Santa Fe,argentinadatos
HCDN1396,"Arenas, Berta Hortensia",San Luis,argentinadatos
HCDN0976,"Areta, Maria Josefa",Corrientes,argentinadatos
HCDN1069,"Argüello, Octavio",Buenos Aires,argentinadatos
HCDN1144,"Argumedo, Alcira Susana",CABA,argentinadatos
HCDN2934,"Arjol, Martin",Misiones,argentinadatos
HCDN1235,"Arregui, Andres Roberto",Buenos Aires,argentinadatos
HCDN3014,"Arricau, Carolina Natalia",Buenos Aires,argentinadatos
HCDN1581,"Arrieta, Gustavo Hector",Buenos Aires,argentinadatos
HCDN3059,"Arrieta, Lourdes Micaela",Mendoza,argentinadatos+hcdn
HCDN2356,"Arroyo, Daniel",Buenos Aires,argentinadatos
HCDN3030,"Arrua, Alberto",Misiones,argentinadatos+hcdn
HCDN2758,"Ascarate, Lidia Ines",Tucuman,argentinadatos
HCDN1224,"Asef, Daniel Edgardo",Cordoba,argentinadatos
HCDN2441,"Asencio, Fernando",Buenos Aires,argentinadatos
HCDN1145,"Aspiazu, Lucio Bernardo",Corrientes,argentinadatos
HCDN1236,"Asseff, Alberto",Buenos Aires,argentinadatos
HCDN0061,"Atanasof, Alfredo Nestor",Buenos Aires,argentinadatos
HCDN2921,"Aubone, Ana Fabiola",San Juan,argentinadatos
HCDN1582,"Austin, Brenda Lis",Cordoba,argentinadatos
HCDN3028,"Aveiro, Martin",Mendoza,argentinadatos+hcdn
HCDN3058,"Avico, Belen",Cordoba,argentinadatos+hcdn
HCDN2357,"Avila, Beatriz Luisa",Tucuman,argentinadatos
HCDN3052,"Avila, Fernanda",Catamarca,argentinadatos+hcdn
HCDN3094,"Avila, Jorge Antonio",Chubut,argentinadatos+hcdn
HCDN1237,"Avoscan, Herman Horacio",Rio Negro,argentinadatos
HCDN2358,"Ayala, Aida Beatriz Maxima",Chaco,argentinadatos
HCDN2947,"Bachey, Karina Ethel",San Luis,argentinadatos
HCDN2359,"Bahillo, Juan Jose",Entre Rios,argentinadatos
HCDN1530,"Balbo, Elva Susana",Mendoza,argentinadatos
HCDN1238,"Balcedo, Maria Ester",Buenos Aires,argentinadatos
HCDN1364,"Baldassi, Hector W.",Cordoba,argentinadatos
HCDN1034,"Baldata, Griselda Angela",Cordoba,argentinadatos
HCDN3143,"Ballejos, Nancy",Entre Rios,argentinadatos
HCDN1447,"Banfi, Karina",Buenos Aires,argentinadatos+hcdn
HCDN2770,"Barbaro, Hector Cacho",Misiones,argentinadatos
HCDN1146,"Barbieri, Mario Leandro",Buenos Aires,argentinadatos
HCDN3223,"Barbur, Marcelo",Santiago Del Estero,argentinadatos+hcdn
HCDN1239,"Barchetta, Omar Segundo",Santa Fe,argentinadatos
HCDN1389,"Bardeggia, Luis Maria",Rio Negro,argentinadatos
HCDN2906,"Barletta, Mario",Santa Fe,argentinadatos
HCDN1401,"Barletta, Mario Domingo",Santa Fe,argentinadatos
HCDN1147,"Barrandeguy, Raul Enrique",Entre Rios,argentinadatos
HCDN1373,"Barreto, Jorge Ruben",Entre Rios,argentinadatos
HCDN0977,"Barrios, Miguel Angel",Santa Fe,argentinadatos
HCDN0578,"Basteiro, Sergio Ariel",Buenos Aires,argentinadatos
HCDN1240,"Basterra, Luis Eugenio",Formosa,argentinadatos+hcdn
HCDN3268,"Basualdo, Atilio",Formosa,argentinadatos+hcdn
HCDN3209,"Basualdo, Carolina",Cordoba,argentinadatos+hcdn
HCDN1241,"Bazze, Miguel Angel",Buenos Aires,argentinadatos
HCDN3201,"Becerra, Monica",San Luis,argentinadatos+hcdn
HCDN0978,"Bedano, Nora Esther",Cordoba,argentinadatos
HCDN1570,"Bellocq, Gerardo Alberto",Cordoba,argentinadatos
HCDN0979,"Belous, Nelida",Tierra Del Fuego,argentinadatos
HCDN0980,"Benas, Veronica Claudia",Santa Fe,argentinadatos
HCDN1148,"Benedetti, Atilio",Entre Rios,argentinadatos
HCDN3111,"Benedit, Beltran",Entre Rios,argentinadatos+hcdn
HCDN3064,"Benegas Lynch, Bertie",Buenos Aires,argentinadatos+hcdn
HCDN1359,"Bergman, Sergio Alejandro",CABA,argentinadatos
HCDN2777,"Berhongaray, Martin Antonio",La Pampa,argentinadatos
HCDN2360,"Berisso, Hernan",Buenos Aires,argentinadatos
HCDN2917,"Bermejo, Adolfo",Mendoza,argentinadatos
HCDN2802,"Bermejo, Alejandro Daniel",Mendoza,argentinadatos
HCDN1560,"Bermejo, Sixto Osvaldo",Chubut,argentinadatos
HCDN1432,"Bernabey, Ramon Ernesto",Cordoba,argentinadatos
HCDN1149,"Bernal, Maria Eugenia",Jujuy,argentinadatos
HCDN1097,"Bernazza, Claudia Alicia",Buenos Aires,argentinadatos
HCDN0853,"Bertol, Paula Maria",CABA,argentinadatos
HCDN2907,"Bertoldi, Tanya",Neuquen,argentinadatos
HCDN0581,"Bertone, Rosana Andrea",Tierra Del Fuego,argentinadatos
HCDN1567,"Besada, Alicia Irma",CABA,argentinadatos
HCDN2881,"Besana, Gabriela",Buenos Aires,argentinadatos
HCDN1334,"Bettanin, Juan Carlos",Santa Fe,argentinadatos
HCDN1461,"Bevilacqua, Gustavo",Buenos Aires,argentinadatos
HCDN3079,"Bianchetti, Emmanuel",Misiones,argentinadatos+hcdn
HCDN0964,"Bianchi, Ivana Maria",San Luis,argentinadatos
HCDN1242,"Bianchi, Maria del Carmen",CABA,argentinadatos
HCDN3141,"Biasi, Vanina",CABA,argentinadatos
HCDN1070,"Bidegain, Gloria Mercedes",Buenos Aires,argentinadatos
HCDN1243,"Biella Calvet, Bernardo Jose",Salta,argentinadatos
HCDN3240,"Biella, Bernardo",Salta,argentinadatos+hcdn
HCDN0855,"Binner, Hermes Juan",Santa Fe,argentinadatos
HCDN1150,"Blanco de Peralta, Blanca",Santa Cruz,argentinadatos
HCDN2847,"Bogdanich, Esteban Mateo",Santa Fe,argentinadatos
HCDN3088,"Bonacci, Rocio",Santa Fe,argentinadatos+hcdn
HCDN0798,"Bonasso, Miguel Luis",CABA,argentinadatos
HCDN3048,"Bongiovanni, Alejandro",Santa Fe,argentinadatos+hcdn
HCDN2982,"Borda, Fabian Antonio",Corrientes,argentinadatos
HCDN3035,"Bordet, Gustavo",Entre Rios,argentinadatos+hcdn
HCDN3183,"Borgatta, Alejandrina",Santa Fe,argentinadatos+hcdn
HCDN2862,"Bormioli, Lisandro",Buenos Aires,argentinadatos
HCDN3042,"Bornoroni, Gabriel",Cordoba,argentinadatos+hcdn
HCDN2913,"Borrego, Victoria",Buenos Aires,argentinadatos
HCDN0720,"Borsani, Luis Gustavo",Mendoza,argentinadatos
HCDN1450,"Bossio, Diego Luis",Buenos Aires,argentinadatos
HCDN2932,"Bouhid, Gustavo",Jujuy,argentinadatos
HCDN1425,"Boyadjian, Graciela Eunice",Tierra Del Fuego,argentinadatos
HCDN2440,"Bragagnolo, Sebastian",Mendoza,argentinadatos
HCDN2361,"Brambilla, Sofia",Corrientes,argentinadatos
HCDN1244,"Brawer, Mara",CABA,argentinadatos
HCDN1435,"Bregman, Myriam",CABA,argentinadatos+hcdn
HCDN1576,"Brezzo, Maria Eugenia",Cordoba,argentinadatos
HCDN0858,"Brillo, Jose Ricardo",Neuquen,argentinadatos
HCDN1479,"Britez, Maria Cristina",Misiones,argentinadatos
HCDN0552,"Brizuela del Moral, Eduardo Segundo",Catamarca,argentinadatos
HCDN1245,"Brizuela y Doria de Cara, Olga Ines",La Rioja,argentinadatos
HCDN3202,"Brizuela, Adrian",Catamarca,argentinadatos+hcdn
HCDN1246,"Bromberg, Isaac Benjamin",Tucuman,argentinadatos
HCDN2956,"Brouwer de Koning, Gabriela",Cordoba,argentinadatos
HCDN0586,"Brown, Carlos Ramon",Buenos Aires,argentinadatos
HCDN0859,"Brue, Daniel Agustin",Santiago Del Estero,argentinadatos
HCDN1577,"Brügge, Juan Fernando",Cordoba,argentinadatos+hcdn
HCDN3190,"Bruno, Eliana",Salta,argentinadatos+hcdn
HCDN2432,"Bucca, Eduardo",Buenos Aires,argentinadatos
HCDN1446,"Buil, Sergio Omar",Buenos Aires,argentinadatos
HCDN0860,"Bullrich, Esteban Jose",CABA,argentinadatos
HCDN0509,"Bullrich, Patricia",CABA,argentinadatos
HCDN1376,"Burgos, Maria Gabriela",Jujuy,argentinadatos
HCDN1151,"Buryaile, Ricardo",Formosa,argentinadatos
HCDN2676,"Caballero, Alejandra Alcira",CABA,argentinadatos
HCDN1360,"Cabandie, Juan",CABA,argentinadatos
HCDN2785,"Cacace, Alejandro",San Luis,argentinadatos
HCDN2861,"Caceres, Adriana",Buenos Aires,argentinadatos
HCDN1394,"Caceres, Eduardo Augusto",San Juan,argentinadatos
HCDN2831,"Cafiero, Santiago",Buenos Aires,argentinadatos+hcdn
HCDN0969,"Calcagno y Maillmann, Eric",Buenos Aires,argentinadatos
HCDN0981,"Calchaqui, Mariel",Tierra Del Fuego,argentinadatos
HCDN2800,"Caliva, Lia Veronica",Salta,argentinadatos
HCDN1575,"Calleri, Agustin Santiago",Cordoba,argentinadatos
HCDN2946,"Calletti, Pamela",Salta,argentinadatos
HCDN0173,"Camaño, Graciela",Buenos Aires,argentinadatos
HCDN2362,"Campagnoli, Marcela",Buenos Aires,argentinadatos
HCDN3044,"Campero, Mariano",Tucuman,argentinadatos+hcdn
HCDN3093,"Campitelli, Celia",Santiago Del Estero,argentinadatos+hcdn
HCDN3198,"Campo, Julieta Marisol",Chaco,argentinadatos+hcdn
HCDN3174,"Campora, Lucia",CABA,argentinadatos+hcdn
HCDN2363,"Campos, Javier",Buenos Aires,argentinadatos
HCDN0862,"Canela, Susana Mercedes",Salta,argentinadatos
HCDN1130,"Cano, Jose Manuel",Tucuman,argentinadatos
HCDN2364,"Cantard, Albor Angel",Santa Fe,argentinadatos
HCDN3019,"Cantero, Carlos",Jujuy,argentinadatos
HCDN0543,"Caparros, Mabel Luisa",Tierra Del Fuego,argentinadatos
HCDN3080,"Capozzi, Sergio Eduardo",Rio Negro,argentinadatos+hcdn
HCDN2365,"Carambia, Antonio Jose",Santa Cruz,argentinadatos
HCDN2984,"Carasso, Marcos Gustavo",Cordoba,argentinadatos
HCDN2923,"Carbajal, Fernando",Formosa,argentinadatos
HCDN1072,"Carca, Elisa Beatriz",Buenos Aires,argentinadatos
HCDN1152,"Cardelli, Jorge Justo",CABA,argentinadatos
HCDN3090,"Carignano, Florencia",Santa Fe,argentinadatos+hcdn
HCDN0864,"Carlotto, Remo Gerardo",Buenos Aires,argentinadatos
HCDN1247,"Carmona, Guillermo Ramon",Mendoza,argentinadatos
HCDN2863,"Carnaghi, Guillermo Oscar",Neuquen,argentinadatos
HCDN1495,"Carol, Analuz Ailen",Tierra Del Fuego,argentinadatos
HCDN3164,"Carrancio, Alejandro",Buenos Aires,argentinadatos+hcdn
HCDN1153,"Carranza, Carlos Alberto",Santa Fe,argentinadatos
HCDN1333,"Carrillo, Maria del Carmen",Tucuman,argentinadatos
HCDN0079,"Carrio, Elisa Maria Avelina",CABA,argentinadatos
HCDN1361,"Carrizo, Ana Carla",CABA,argentinadatos
HCDN1420,"Carrizo, Nilda Mabel",Tucuman,argentinadatos
HCDN1365,"Carrizo, Soledad",Cordoba,argentinadatos
HCDN2366,"Carro, Pablo",Cordoba,argentinadatos
HCDN1154,"Casañas, Juan Francisco",Tucuman,argentinadatos
HCDN2778,"Casaretto, Marcelo Pablo",Entre Rios,argentinadatos
HCDN2780,"Casas, Sergio Guillermo",La Rioja,argentinadatos+hcdn
HCDN0982,"Caselles, Graciela Maria",San Juan,argentinadatos
HCDN0722,"Caserio, Carlos Alberto",Cordoba,argentinadatos
HCDN2367,"Cassinerio, Paulo Leonardo",Cordoba,argentinadatos
HCDN1454,"Castagneto, Carlos Daniel",Buenos Aires,argentinadatos+hcdn
HCDN1117,"Castaldo, Norah Susana",Tucuman,argentinadatos
HCDN1155,"Castañon, Hugo",Rio Negro,argentinadatos
HCDN3225,"Castelnuovo, Giselle",Buenos Aires,argentinadatos+hcdn
HCDN2827,"Castets, Laura Carolina",Santa Fe,argentinadatos
HCDN3066,"Castillo, Christian",Buenos Aires,argentinadatos
HCDN1488,"Castro Molina, Enrique Roberto",San Juan,argentinadatos
HCDN1395,"Castro, Sandra Daniela",San Juan,argentinadatos
HCDN1248,"Catalan Magni, Julio Cesar",Tierra Del Fuego,argentinadatos
HCDN0403,"Caviglia, Franco Agustin",Buenos Aires,argentinadatos
HCDN0983,"Cejas, Jorge Alberto",Rio Negro,argentinadatos
HCDN2368,"Cerruti, Gabriela",CABA,argentinadatos
HCDN2930,"Cervi, Pablo",Neuquen,argentinadatos
HCDN2911,"Chaher, Leila",Jujuy,argentinadatos
HCDN2931,"Chahla, Rossana",Tucuman,argentinadatos
HCDN1156,"Chemes, Jorge Omar",Entre Rios,argentinadatos
HCDN3085,"Chica, Jorge",San Juan,argentinadatos+hcdn
HCDN3254,"Chiconi, Abel",San Juan,argentinadatos+hcdn
HCDN1157,"Chieno, Maria Elena Petrona",Corrientes,argentinadatos
HCDN0986,"Chiquichano, Rosa Laudelina",Chubut,argentinadatos
HCDN2885,"Chomiak, Maria Luisa",Chaco,argentinadatos
HCDN2919,"Chumpitaz, Gabriel Felipe",Santa Fe,argentinadatos
HCDN1249,"Ciampini, Jose Alberto",Neuquen,argentinadatos
HCDN1158,"Ciciliani, Alicia Mabel",Santa Fe,argentinadatos
HCDN0594,"Cigogna, Luis Francisco Jorge",Buenos Aires,argentinadatos
HCDN2803,"Cipolini, Gerardo",Chaco,argentinadatos+hcdn
HCDN2765,"Cisneros, Carlos",Tucuman,argentinadatos+hcdn
HCDN1250,"Cleri, Marcos",Santa Fe,argentinadatos
HCDN0934,"Closs, Maurice Fabian",Misiones,argentinadatos
HCDN1066,"Cobos, Julio",Mendoza,argentinadatos
HCDN3034,"Coletta, Mariela",CABA,argentinadatos+hcdn
HCDN2894,"Coli, Marcela",La Pampa,argentinadatos
HCDN0867,"Collantes, Genaro Aurelio",Catamarca,argentinadatos
HCDN0726,"Comelli, Alicia Marcela",Neuquen,argentinadatos
HCDN1159,"Comi, Carlos Marcelo",Santa Fe,argentinadatos
HCDN1566,"Conesa, Eduardo Raul",CABA,argentinadatos
HCDN0181,"Conti, Diana Beatriz",Buenos Aires,argentinadatos
HCDN2369,"Contigiani, Luis Gustavo",Santa Fe,argentinadatos
HCDN1332,"Contrera, Monica Graciela",Chubut,argentinadatos
HCDN1578,"Copes, Ana Isabel",Santa Fe,argentinadatos
HCDN0597,"Cordoba, Stella Maris",Tucuman,argentinadatos
HCDN0870,"Cornejo, Alfredo Victor",Mendoza,argentinadatos
HCDN2782,"Cornejo, Virginia",Salta,argentinadatos
HCDN1119,"Corpacci, Lucia Benigna",Catamarca,argentinadatos
HCDN3072,"Correa Llano, Facundo",Mendoza,argentinadatos+hcdn
HCDN2370,"Correa, Walter",Buenos Aires,argentinadatos
HCDN0984,"Cortina, Roy",CABA,argentinadatos
HCDN2977,"Costa, Anahi",Catamarca,argentinadatos
HCDN1160,"Costa, Eduardo Raul",Santa Cruz,argentinadatos
HCDN2282,"Couly, Veronica Carolina",Buenos Aires,argentinadatos
HCDN1580,"Cousinet, Graciela",Mendoza,argentinadatos
HCDN0985,"Cremer de Busti, Maria Cristina",Entre Rios,argentinadatos
HCDN2797,"Crescimbeni, Camila",Buenos Aires,argentinadatos
HCDN2371,"Cresto, Mayda",Entre Rios,argentinadatos
HCDN1071,"Cuccovillo, Ricardo Oscar",Buenos Aires,argentinadatos
HCDN1161,"Currilen, Oscar Ruben",Chubut,argentinadatos
HCDN0600,"Cusinato, Gustavo",Entre Rios,argentinadatos
HCDN1339,"D Alessandro, Marcelo Silvio",Buenos Aires,argentinadatos
HCDN1374,"D'agostino, Jorge Marcelo",Entre Rios,argentinadatos
HCDN3060,"D'alessandro, Carlos",San Luis,argentinadatos
HCDN1340,"Daer, Hector Ricardo",Buenos Aires,argentinadatos
HCDN0409,"Daher, Zulema Beatriz",Salta,argentinadatos
HCDN2822,"Daives, Ricardo",Santiago Del Estero,argentinadatos+hcdn
HCDN2853,"Daldovo, Nelly Ramona",Formosa,argentinadatos
HCDN0987,"Damilano Grivarello, Viviana Monica",Chaco,argentinadatos
HCDN2870,"Dantas, Pedro Cristian",Rio Negro,argentinadatos
HCDN0083,"Das Neves, Mario",Chubut,argentinadatos
HCDN0988,"Dato, Alfredo Carlos",Tucuman,argentinadatos
HCDN1486,"David, Javier",Salta,argentinadatos
HCDN3253,"De Andreis, Fernando",CABA,argentinadatos+hcdn
HCDN1251,"De Ferrari Rueda, Patricia",Cordoba,argentinadatos
HCDN1252,"De Gennaro, Victor Norberto",Buenos Aires,argentinadatos
HCDN0732,"De la Rosa, Maria Graciela",Formosa,argentinadatos+hcdn
HCDN2928,"De la Sota, Natalia",Cordoba,argentinadatos+hcdn
HCDN2794,"De Lamadrid, Alvaro",CABA,argentinadatos
HCDN2942,"De Loredo, Rodrigo",Cordoba,argentinadatos
HCDN0871,"De Marchi, Omar",Mendoza,argentinadatos
HCDN3150,"De Mendieta, Mercedes",CABA,argentinadatos
HCDN0668,"De Mendiguren, Jose Ignacio",Buenos Aires,argentinadatos
HCDN0872,"De Narvaez, Francisco",Buenos Aires,argentinadatos
HCDN1253,"De Pedro, Eduardo Enrique",Buenos Aires,argentinadatos
HCDN1493,"De Ponti, Lucila Maria",Santa Fe,argentinadatos
HCDN1162,"De Prat Gay, Alfonso",CABA,argentinadatos
HCDN3101,"De Sensi, Maria Florencia",Buenos Aires,argentinadatos+hcdn
HCDN0703,"De Vido, Julio",Buenos Aires,argentinadatos
HCDN0989,"Del Campillo, Hector Eduardo",Cordoba,argentinadatos
HCDN1383,"Del Caño, Nicolas",Buenos Aires,argentinadatos+hcdn
HCDN2372,"Del Cerro, Gonzalo Pedro Antonio",Santa Fe,argentinadatos
HCDN2373,"Del Pla, Romina",Buenos Aires,argentinadatos+hcdn
HCDN2374,"Delu, Melina Aida",La Pampa,argentinadatos
HCDN0875,"Depetri, Edgardo Fernando",Buenos Aires,argentinadatos
HCDN2438,"Derna, Veronica",Misiones,argentinadatos
HCDN2813,"Di Giacomo, Luis",Rio Negro,argentinadatos
HCDN1481,"Di Stefano, Daniel",Misiones,argentinadatos
HCDN0876,"Di Tullio, Juliana",Buenos Aires,argentinadatos
HCDN0412,"Diaz Bancalari, Jose Maria",Buenos Aires,argentinadatos
HCDN0877,"Diaz Roig, Juan Carlos",Formosa,argentinadatos
HCDN3194,"Diaz, Fernanda",Buenos Aires,argentinadatos+hcdn
HCDN0739,"Diaz, Susana Eladia",Tucuman,argentinadatos
HCDN3041,"Diez, Romina",Santa Fe,argentinadatos+hcdn
HCDN1519,"Dindart, Julian",Corrientes,argentinadatos
vote-dip-pendiente-de-incorporacion,"Dip, Pendiente de Incorporacion",,votes
HCDN3193,"Dolce, Sergio",Chaco,argentinadatos+hcdn
HCDN2954,"Domingo, Agustin",Rio Negro,argentinadatos
HCDN1118,"Dominguez, Julian Andres",Buenos Aires,argentinadatos
HCDN2335,"Dominguez, Ramon Alfredo",San Luis,argentinadatos
HCDN1073,"Donda Perez, Victoria Analia",CABA,argentinadatos
HCDN1228,"Donkin, Carlos Guillermo",Formosa,argentinadatos
HCDN1483,"Doñate, Claudio Martin",Rio Negro,argentinadatos
HCDN1255,"Duclos, Omar Arnaldo",Buenos Aires,argentinadatos
HCDN1391,"Durand Cornejo, Guillermo Mario",Salta,argentinadatos
HCDN1559,"Dure, Lucila Beatriz",Formosa,argentinadatos
HCDN1227,"Dutto, Gustavo Alberto",Buenos Aires,argentinadatos
HCDN1442,"Echegaray, Alejandro Carlos Augusto",Buenos Aires,argentinadatos
HCDN1341,"Ehcosor, Maria Azucena",Buenos Aires,argentinadatos
HCDN2766,"El Sukaria, Soher",Cordoba,argentinadatos
HCDN1419,"Elias de Perez, Silvia Beatriz",Tucuman,argentinadatos
HCDN1256,"Eliceche, Carlos Tomas",Chubut,argentinadatos
HCDN1257,"Elorriaga, Osvaldo Enrique",Entre Rios,argentinadatos
HCDN3024,"Emma, Nicolas",CABA,argentinadatos+hcdn
HCDN2435,"Enriquez, Jorge Ricardo",CABA,argentinadatos
HCDN1090,"Erro, Norberto Pedro",Buenos Aires,argentinadatos
HCDN1428,"Esper, Laura",Buenos Aires,argentinadatos
HCDN2901,"Espert, Jose Luis",Buenos Aires,argentinadatos
HCDN3017,"Espil, Santiago Eugenio",Buenos Aires,argentinadatos
HCDN1163,"Espindola, Gladys Susana",Cordoba,argentinadatos
HCDN2430,"Espinoza, Fernando",Buenos Aires,argentinadatos
HCDN2756,"Estevez, Enrique",Santa Fe,argentinadatos
vote-estevez-gabriela,"Estevez, Gabriela",,votes
HCDN1514,"Estevez, Gabriela Beatriz",Cordoba,argentinadatos+hcdn
HCDN2884,"Estrada, Emiliano",Salta,argentinadatos
HCDN1342,"Fabiani, Eduardo Alberto",Buenos Aires,argentinadatos
HCDN0741,"Fadel, Patricia Susana",Mendoza,argentinadatos
HCDN1164,"Fadul, Liliana",Tierra Del Fuego,argentinadatos
HCDN2844,"Fagioli, Federico",Buenos Aires,argentinadatos
HCDN3089,"Falcone, Eduardo",Buenos Aires,argentinadatos+hcdn
HCDN3252,"Fargosi, Alejandro",CABA,argentinadatos+hcdn
HCDN3219,"Farias, Pablo",Santa Fe,argentinadatos+hcdn
HCDN1165,"Faustinelli, Hipolito",Cordoba,argentinadatos
HCDN1166,"Favario, Carlos Alberto",Santa Fe,argentinadatos
HCDN2891,"Fein, Monica",Santa Fe,argentinadatos
HCDN0990,"Fein, Monica Hayde",Santa Fe,argentinadatos
HCDN1258,"Feletti, Roberto Jose",CABA,argentinadatos
HCDN3212,"Felix, Emir",Mendoza,argentinadatos+hcdn
HCDN1167,"Felix, Omar Chafi",Mendoza,argentinadatos
HCDN1033,"Fellner, Eduardo Alfredo",Jujuy,argentinadatos
HCDN0991,"Fernandez Basualdo, Luis Maria",Formosa,argentinadatos
HCDN1436,"Fernandez Blanco, Maria Cristina",Jujuy,argentinadatos
HCDN2375,"Fernandez Langan, Ezequiel",Buenos Aires,argentinadatos
HCDN1378,"Fernandez Mendia, Gustavo Rodolfo",La Pampa,argentinadatos
HCDN3057,"Fernandez Molero, Daiana",CABA,argentinadatos+hcdn
HCDN2376,"Fernandez Patri, Ramiro",Formosa,argentinadatos
HCDN1259,"Fernandez Sagasti, Anabel",Mendoza,argentinadatos
HCDN2903,"Fernandez, Agustin",Tucuman,argentinadatos
HCDN2377,"Fernandez, Carlos A.",Buenos Aires,argentinadatos
HCDN2985,"Fernandez, Carlos Alberto",Misiones,argentinadatos
HCDN2815,"Fernandez, Eduardo",Cordoba,argentinadatos
HCDN3020,"Fernandez, Elia Marina",Tucuman,argentinadatos+hcdn
HCDN2852,"Fernandez, Hector",Buenos Aires,argentinadatos
HCDN3208,"Fernandez, Jorge",San Luis,argentinadatos+hcdn
HCDN1168,"Fernandez, Rodolfo Alfredo",Corrientes,argentinadatos
HCDN0879,"Ferra de Bartol, Margarita",San Juan,argentinadatos
HCDN3176,"Ferran, Abelardo",La Pampa,argentinadatos+hcdn
HCDN1169,"Ferrari, Gustavo Alfredo Horacio",Buenos Aires,argentinadatos
HCDN2787,"Ferraro, Maximiliano",CABA,argentinadatos+hcdn
HCDN3139,"Ferreyra, Alida",CABA,argentinadatos+hcdn
HCDN1260,"Ferreyra, Araceli",Corrientes,argentinadatos
HCDN2819,"Ferreyra, Daniel Julio",Jujuy,argentinadatos
HCDN1170,"Fiad, Mario Raymundo",Jujuy,argentinadatos
HCDN3230,"Figliuolo, Sergio",Buenos Aires,argentinadatos+hcdn
HCDN2888,"Figueroa Casas, Germana",Santa Fe,argentinadatos
HCDN2864,"Figueroa, Alcira Elsa",Salta,argentinadatos
HCDN2882,"Figueroa, Rolando",Neuquen,argentinadatos
HCDN0705,"Filmus, Daniel",CABA,argentinadatos
HCDN2955,"Finocchiaro, Alejandro",Buenos Aires,argentinadatos+hcdn
HCDN0746,"Fiol, Paulina Esther",Santa Fe,argentinadatos
HCDN1261,"Fiore Viñuales, Maria Cristina del Valle",Salta,argentinadatos
HCDN2378,"Flores, Danilo Adrian",La Rioja,argentinadatos
HCDN1074,"Flores, Hector",Buenos Aires,argentinadatos
HCDN3188,"Flores, Maria Gabriela",Salta,argentinadatos+hcdn
HCDN1171,"Forconi, Juan Carlos",Santa Fe,argentinadatos
HCDN1172,"Forte, Ulises Umberto Jose",La Pampa,argentinadatos
HCDN1173,"Fortuna, Francisco Jose",Cordoba,argentinadatos
HCDN2810,"Frade, Monica",Buenos Aires,argentinadatos+hcdn
HCDN1491,"Frana, Silvina Patricia",Santa Fe,argentinadatos
HCDN1262,"Francioni, Fabian Marcelo",Cordoba,argentinadatos
HCDN1480,"Franco, Jorge Daniel",Misiones,argentinadatos
HCDN2379,"Fregonese, Alicia",Entre Rios,argentinadatos+hcdn
HCDN3087,"Freites, Andrea",Tierra Del Fuego,argentinadatos+hcdn
HCDN3215,"Frias, Maira",Chubut,argentinadatos+hcdn
HCDN2783,"Frigerio, Federico",Tierra Del Fuego,argentinadatos
HCDN1537,"Frigerio, Rogelio",Entre Rios,argentinadatos
HCDN2380,"Frizza, Gabriel Alberto",Cordoba,argentinadatos
HCDN1451,"Furlan, Francisco Abel",Buenos Aires,argentinadatos
HCDN1422,"Gagliardi, Josue",Rio Negro,argentinadatos
HCDN1375,"Gaillard, Ana Carolina",Entre Rios,argentinadatos
HCDN2897,"Galimberti, Pedro Jorge",Entre Rios,argentinadatos
HCDN3217,"Gallardo, Maria Virginia",Corrientes,argentinadatos+hcdn
HCDN1174,"Gallardo, Miriam Graciela",Tucuman,argentinadatos
HCDN3199,"Galmarini, Sebastian",Buenos Aires,argentinadatos+hcdn
HCDN1175,"Gambaro, Natalia",Buenos Aires,argentinadatos
HCDN2910,"Garcia Aresca, Ignacio",Cordoba,argentinadatos+hcdn
HCDN2812,"Garcia de Luca, Sebastian",Buenos Aires,argentinadatos
HCDN0992,"Garcia Hamilton, Jose Ignacio",Tucuman,argentinadatos
HCDN1263,"Garcia Larraburu, Silvina Marcela",Rio Negro,argentinadatos
HCDN2381,"Garcia, Alejandro",CABA,argentinadatos
HCDN3248,"Garcia, Alvaro",Buenos Aires,argentinadatos+hcdn
HCDN1264,"Garcia, Andrea Fabiana",Buenos Aires,argentinadatos
HCDN3106,"Garcia, Carlos",Chaco,argentinadatos+hcdn
HCDN0993,"Garcia, Irma Adriana",La Pampa,argentinadatos
HCDN0885,"Garcia, Maria Teresa",Buenos Aires,argentinadatos+hcdn
HCDN0749,"Garcia, Susana Rosa",Santa Fe,argentinadatos
HCDN2814,"Garcia, Ximena",Santa Fe,argentinadatos
HCDN1091,"Gardella, Patricia Susana",Buenos Aires,argentinadatos
HCDN1176,"Garnero, Estela Ramona",Cordoba,argentinadatos
HCDN1265,"Garramuño, Jorge Alberto",Tierra Del Fuego,argentinadatos
HCDN3146,"Garramuño, Ricardo",Tierra Del Fuego,argentinadatos
HCDN0096,"Garre, Nilda Celia",CABA,argentinadatos
HCDN1501,"Garreton, Facundo",Tucuman,argentinadatos
HCDN3099,"Garrido, Jose Luis",Santa Cruz,argentinadatos+hcdn
HCDN1266,"Garrido, Manuel",CABA,argentinadatos
HCDN1521,"Gayol, Yanina Celeste",Entre Rios,argentinadatos
HCDN1267,"Gdansky, Carlos Enrique",Buenos Aires,argentinadatos
HCDN1177,"Germano, Daniel",Santa Fe,argentinadatos
HCDN1421,"Gervasoni, Lautaro",Entre Rios,argentinadatos
HCDN1268,"Giaccone, Claudia Alejandra",Santa Fe,argentinadatos
HCDN0887,"Giacomino, Daniel Oscar",Cordoba,argentinadatos
HCDN3169,"Giampieri, Antonela",CABA,argentinadatos+hcdn
HCDN0426,"Giannettasio, Graciela Maria",Buenos Aires,argentinadatos
HCDN0381,"Gil Lavedra, Ricardo Rodolfo",CABA,argentinadatos
HCDN0994,"Gil Lozano, Claudia Fernanda",CABA,argentinadatos
HCDN1366,"Gill, Martin Rodrigo",Cordoba,argentinadatos
HCDN1384,"Gimenez, Patricia Viviana",Mendoza,argentinadatos
HCDN2382,"Ginocchio, Silvana Micaela",Catamarca,argentinadatos
HCDN0298,"Gioja, Jose Luis",San Juan,argentinadatos
HCDN0752,"Gioja, Juan Carlos",San Juan,argentinadatos
HCDN2278,"Giordano, Juan Carlos",Buenos Aires,argentinadatos
HCDN3026,"Giorgi, Melina",Santa Fe,argentinadatos
HCDN0427,"Giubergia, Miguel Angel",Jujuy,argentinadatos
HCDN3043,"Giudici, Silvana",CABA,argentinadatos+hcdn
HCDN0754,"Giudici, Silvana Myriam",CABA,argentinadatos
HCDN3074,"Giuliano, Diego A.",Santa Fe,argentinadatos+hcdn
HCDN1343,"Giustozzi, Ruben Dario",Buenos Aires,argentinadatos
HCDN3053,"Glinski, Jose",Chubut,argentinadatos+hcdn
HCDN2751,"Godoy, Lucas Javier",Salta,argentinadatos
HCDN0755,"Godoy, Ruperto Eduardo",San Juan,argentinadatos
HCDN1474,"Goicoechea, Horacio",Chaco,argentinadatos
HCDN3211,"Goitia, Rosario",Chaco,argentinadatos+hcdn
HCDN2926,"Gollan, Daniel",Buenos Aires,argentinadatos
HCDN1399,"Gomez Bull, Mauricio Ricardo",Santa Cruz,argentinadatos
HCDN3062,"Gomez, Jose",Santiago Del Estero,argentinadatos+hcdn
HCDN3200,"Gonzales, Alfredo",Jujuy,argentinadatos+hcdn
HCDN3170,"Gonzalez Estevarena, Maria Luisa",Buenos Aires,argentinadatos+hcdn
HCDN2285,"Gonzalez Seligra, Nathalia Ines",Buenos Aires,argentinadatos
HCDN1466,"Gonzalez, Alvaro",CABA,argentinadatos+hcdn
HCDN3186,"Gonzalez, Diogenes Ignacio",Corrientes,argentinadatos+hcdn
HCDN3055,"Gonzalez, Gerardo Gustavo",Formosa,argentinadatos+hcdn
HCDN1178,"Gonzalez, Gladys Esther",Buenos Aires,argentinadatos
HCDN2979,"Gonzalez, Gustavo Carlos Miguel",Santa Cruz,argentinadatos
HCDN1402,"Gonzalez, Josefina Victoria",Santa Fe,argentinadatos
HCDN0995,"Gonzalez, Juan Dante",Mendoza,argentinadatos
HCDN0954,"Gonzalez, Nancy Susana",Chubut,argentinadatos
HCDN1316,"Gonzalez, Pablo Gerardo",Santa Cruz,argentinadatos
HCDN1423,"Gonzalez, Veronica",Tierra Del Fuego,argentinadatos
HCDN3192,"Grabois, Juan",Buenos Aires,argentinadatos+hcdn
HCDN1452,"Grana, Adrian Eduardo",Buenos Aires,argentinadatos
HCDN0011,"Granados, Dulce",Buenos Aires,argentinadatos
HCDN2383,"Grande, Martin",Salta,argentinadatos
HCDN1503,"Grandinetti, Alejandro Ariel",Santa Fe,argentinadatos
HCDN1075,"Gribaudo, Christian Alejandro",Buenos Aires,argentinadatos
HCDN1269,"Grosso, Leonardo",Buenos Aires,argentinadatos
HCDN3207,"Gruber, Maura",Misiones,argentinadatos+hcdn
HCDN1270,"Guccione, Jose Daniel",Misiones,argentinadatos
HCDN1458,"Guerin, Maria Isabel",Buenos Aires,argentinadatos
HCDN2850,"Guevara, Francisco",San Juan,argentinadatos
HCDN1029,"Gullo, Juan Carlos Dante",CABA,argentinadatos
HCDN2768,"Gutierrez, Carlos",Cordoba,argentinadatos+hcdn
HCDN1344,"Gutierrez, Hector Maria",Buenos Aires,argentinadatos
HCDN1271,"Gutierrez, Monica Edith",Cordoba,argentinadatos
HCDN2775,"Gutierrez, Ramiro",Buenos Aires,argentinadatos+hcdn
HCDN1561,"Guzman, Andres Ernesto",Cordoba,argentinadatos
HCDN3247,"Guzman, Jairo",Santa Cruz,argentinadatos+hcdn
HCDN1179,"Guzman, Olga Elizabeth",Neuquen,argentinadatos
HCDN1345,"Guzman, Sandro Adrian",Buenos Aires,argentinadatos
HCDN3237,"Hadad, Raul",Corrientes,argentinadatos+hcdn
HCDN2804,"Hagman, Itai",CABA,argentinadatos+hcdn
HCDN1325,"Harispe, Gaston",Buenos Aires,argentinadatos
HCDN3210,"Hartfield, Diego",Misiones,argentinadatos+hcdn
HCDN2781,"Hein, Gustavo Rene",Entre Rios,argentinadatos
HCDN1180,"Heller, Carlos",CABA,argentinadatos
HCDN2829,"Hernandez, Estela",Chubut,argentinadatos
HCDN1523,"Hernandez, Martin Osvaldo",Formosa,argentinadatos
HCDN3204,"Herrera Ahuad, Oscar A.",Misiones,argentinadatos+hcdn
HCDN2445,"Herrera, Bernardo Jose",Santiago Del Estero,argentinadatos
HCDN0612,"Herrera, Griselda Noemi",La Rioja,argentinadatos
HCDN0996,"Herrera, Jose Alberto",Santiago Del Estero,argentinadatos
HCDN1529,"Herrera, Luis Beder",La Rioja,argentinadatos
HCDN3021,"Herrera, Marcela",Tucuman,argentinadatos
HCDN2949,"Herrera, Ricardo",La Rioja,argentinadatos
HCDN1464,"Hers Cabral, Anabella Ruth",CABA,argentinadatos
HCDN3232,"Holzman, Patricia",CABA,argentinadatos+hcdn
HCDN1484,"Horne, Silvia Renee",Rio Negro,argentinadatos
HCDN0997,"Hotton, Cynthia Liliana",CABA,argentinadatos
HCDN1573,"Huczak, Stella Maris",Mendoza,argentinadatos
HCDN3098,"Huesen, Gerardo",Tucuman,argentinadatos+hcdn
HCDN3165,"Humenuk, Gladys",Buenos Aires,argentinadatos+hcdn
HCDN2436,"Hummel, Astrid",Santa Fe,argentinadatos
HCDN1522,"Huss, Juan Manuel",Entre Rios,argentinadatos
HCDN1272,"Ianni, Ana Maria",Santa Cruz,argentinadatos+hcdn
HCDN3092,"Ibañez, Maria Cecilia",Cordoba,argentinadatos+hcdn
HCDN1181,"Ibarra, Eduardo Mauricio",San Juan,argentinadatos
HCDN0660,"Ibarra, Vilma Lidia",CABA,argentinadatos
HCDN1031,"Iglesias, Fernando Adolfo",CABA,argentinadatos
HCDN1475,"Igon, Santiago Nicolas",Chubut,argentinadatos
HCDN1499,"Incicco, Lucas Ciriaco",Santa Fe,argentinadatos
HCDN2384,"Infante, Hugo Orlando",Santiago Del Estero,argentinadatos
HCDN1346,"Insaurralde, Martin",Buenos Aires,argentinadatos
HCDN2950,"Iparraguirre, Rogelio",Buenos Aires,argentinadatos
HCDN0760,"Irrazabal, Juan Manuel",Misiones,argentinadatos
HCDN1392,"Isa, Evita Nelida",Salta,argentinadatos
HCDN1134,"Iturraspe, Nora Graciela",Buenos Aires,argentinadatos
HCDN3243,"Jaime Quiroga, Carlos Gustavo",San Juan,argentinadatos+hcdn
HCDN1410,"Jaldo, Osvaldo Francisco",Tucuman,argentinadatos
HCDN1403,"Javkin, Pablo Lautaro",Santa Fe,argentinadatos
HCDN2824,"Jetter, Ingrid",Corrientes,argentinadatos
HCDN2809,"Joury, Maria de las Mercedes",Buenos Aires,argentinadatos
HCDN1407,"Juarez, Manuel Humberto",Santiago Del Estero,argentinadatos
HCDN1353,"Juarez, Myrian del Valle",Catamarca,argentinadatos
HCDN1121,"Juez, Luis Alfredo",Cordoba,argentinadatos
HCDN3068,"Juliano, Pablo",Buenos Aires,argentinadatos+hcdn
HCDN1273,"Junio, Juan Carlos Isaac",CABA,argentinadatos
HCDN1182,"Juri, Mariana",Mendoza,argentinadatos
HCDN1076,"Katz, Daniel",Buenos Aires,argentinadatos
HCDN0998,"Kenny, Eduardo Enrique Federico",La Pampa,argentinadatos
HCDN1337,"Kicillof, Axel",CABA,argentinadatos
HCDN1489,"Kirchner, Maximo Carlos",Buenos Aires,argentinadatos+hcdn
HCDN0707,"Kirchner, Nestor Carlos",Buenos Aires,argentinadatos
HCDN2941,"Klipauka Lewtak, Florencia",Misiones,argentinadatos
HCDN2846,"Koenig, Marcelo",Buenos Aires,argentinadatos
HCDN0999,"Korenfeld, Beatriz Liliana",Santa Cruz,argentinadatos
HCDN1274,"Kosiner, Pablo Francisco Juan",Salta,argentinadatos
HCDN0895,"Kroneberger, Daniel Ricardo",La Pampa,argentinadatos
HCDN0896,"Kunkel, Carlos Miguel",Buenos Aires,argentinadatos
HCDN2958,"Laciar, Susana Alicia",San Juan,argentinadatos
HCDN2385,"Lacoste, Jorge Enrique",Entre Rios,argentinadatos
HCDN1358,"Lagoria, Elia Nelly",Chubut,argentinadatos
HCDN2761,"Lampreabe, Florencia",Buenos Aires,argentinadatos
HCDN1077,"Lanceta, Ruben Orfel",Buenos Aires,argentinadatos
HCDN0837,"Landau, Jorge Alberto",Buenos Aires,argentinadatos
HCDN2796,"Landriscini, Susana Graciela",Rio Negro,argentinadatos
HCDN3205,"Lanesan Sancho, Moira",Santa Cruz,argentinadatos+hcdn
HCDN1275,"Larroque, Andres",Buenos Aires,argentinadatos
HCDN1433,"Laspina, Luciano Andres",Santa Fe,argentinadatos
HCDN2749,"Latorre, Jimena",Mendoza,argentinadatos
HCDN3231,"Laumann, Andres Ariel",Entre Rios,argentinadatos+hcdn
HCDN1468,"Lavagna, Marco",CABA,argentinadatos
HCDN2386,"Leavy, Sergio Napoleon",Salta,argentinadatos
HCDN2388,"Ledesma Abdala de Zamora, Claudia",Santiago Del Estero,argentinadatos
HCDN1096,"Ledesma, Julio Ruben",Buenos Aires,argentinadatos
HCDN2886,"Ledesma, Tomas",Entre Rios,argentinadatos
HCDN0811,"Leguizamon, Maria Laura",Buenos Aires,argentinadatos
HCDN2389,"Lehmann, Maria Lucila",Santa Fe,argentinadatos
HCDN2792,"Leito, Mario",Tucuman,argentinadatos
HCDN2799,"Leiva, Aldo",Chaco,argentinadatos+hcdn
HCDN3084,"Lemoine, Lilia",Buenos Aires,argentinadatos+hcdn
HCDN2771,"Lena, Gabriela",Entre Rios,argentinadatos
HCDN3189,"Leone, Andres",CABA,argentinadatos+hcdn
HCDN1000,"Leverberg, Stella Maris",Misiones,argentinadatos
HCDN1078,"Linares, Maria Virginia",Buenos Aires,argentinadatos
HCDN1445,"Lipovetzky, Daniel Andres",Buenos Aires,argentinadatos
HCDN2936,"Litza, Monica",Buenos Aires,argentinadatos
HCDN1579,"Litza, Monica Edith",Buenos Aires,argentinadatos
HCDN3025,"Llancafilo, Osvaldo",Neuquen,argentinadatos
HCDN3070,"Llano, Mercedes",Mendoza,argentinadatos+hcdn
HCDN1476,"Llanos Massa, Ana Maria",Chubut,argentinadatos
HCDN1183,"Llanos, Ermindo Edgardo Marcelo",Jujuy,argentinadatos
HCDN2390,"Llaryora, Martin Miguel",Cordoba,argentinadatos
HCDN1038,"Llera, Timoteo",Misiones,argentinadatos
HCDN3172,"Lluch, Enrique",Cordoba,argentinadatos+hcdn
HCDN0530,"Lombardi, Hernan",Buenos Aires,argentinadatos
HCDN3161,"Longo, Johanna Sabrina",Buenos Aires,argentinadatos+hcdn
HCDN1563,"Lopardo, Maria Paula",CABA,argentinadatos
HCDN0014,"Lopez Arias, Marcelo Eduardo",Salta,argentinadatos
HCDN1482,"Lopez Koenig, Leandro Gaston",Neuquen,argentinadatos
HCDN2898,"Lopez Murphy, Ricardo Hipolito",CABA,argentinadatos
HCDN3168,"Lopez Pasquali, Cecilia",Santiago Del Estero,argentinadatos+hcdn
HCDN2791,"Lopez Rodriguez, Dante",Catamarca,argentinadatos
HCDN2877,"Lopez, Gustavo Fernando",CABA,argentinadatos
HCDN2851,"Lopez, Jimena",Buenos Aires,argentinadatos+hcdn
HCDN2401,"Lopez, Juan Manuel",Buenos Aires,argentinadatos
HCDN1393,"Lopez, Pablo Sebastian",Salta,argentinadatos
HCDN1002,"Lopez, Rafael Angel",Formosa,argentinadatos
HCDN1110,"Lorges, Juan Carlos",Buenos Aires,argentinadatos
HCDN1439,"Lospennato, Silvia",Buenos Aires,argentinadatos
HCDN1276,"Lotto, Ines Beatriz",Formosa,argentinadatos
HCDN1043,"Lousteau, Martin",CABA,argentinadatos+hcdn
HCDN0799,"Lozano, Claudio Raul",CABA,argentinadatos
HCDN1003,"Luna de Marcos, Ana Zulema",Santiago Del Estero,argentinadatos
HCDN3221,"Luque, Juan Pablo",Chubut,argentinadatos+hcdn
HCDN0513,"Lusquiños, Luis Bernardo",San Luis,argentinadatos
HCDN1379,"Mac Allister, Carlos Javier",La Pampa,argentinadatos
HCDN0440,"Macaluse, Eduardo Gabriel",Buenos Aires,argentinadatos
HCDN2402,"Macha, Monica",Buenos Aires,argentinadatos
HCDN1518,"Macias, Oscar Alberto",Corrientes,argentinadatos
HCDN3075,"Macyszyn, Lorena",Buenos Aires,argentinadatos+hcdn
HCDN1381,"Madera, Teresita",La Rioja,argentinadatos
HCDN1347,"Magario, Veronica Maria",Buenos Aires,argentinadatos
HCDN1184,"Majdalani, Silvia Cristina",CABA,argentinadatos
HCDN1277,"Maldonado, Victor Hugo",Chaco,argentinadatos
HCDN2908,"Manes, Facundo",Buenos Aires,argentinadatos
HCDN3206,"Mango, Marcelo",Rio Negro,argentinadatos+hcdn
HCDN3081,"Manrique, Mario",Buenos Aires,argentinadatos+hcdn
HCDN1185,"Mansur, Ricardo Alfredo",Mendoza,argentinadatos
HCDN2807,"Manzi, Ruben",Catamarca,argentinadatos
HCDN1565,"Maquieyra, Martin",La Pampa,argentinadatos
HCDN3224,"Marclay, Marianela",Entre Rios,argentinadatos+hcdn
HCDN2879,"Marcolli, Julieta",Catamarca,argentinadatos
HCDN0768,"Marconato, Gustavo Angel",Santa Fe,argentinadatos
HCDN1424,"Marcopulos, Juan Fernando",Corrientes,argentinadatos
HCDN1505,"Marcucci, Hugo Maria",Santa Fe,argentinadatos
HCDN2944,"Marin, Varinia Lis",La Pampa,argentinadatos+hcdn
HCDN3007,"Marino, Juan",Buenos Aires,argentinadatos+hcdn
HCDN2848,"Marquez, Claudia Gabriela",Cordoba,argentinadatos
HCDN3063,"Marquez, Nadia",Neuquen,argentinadatos
HCDN2403,"Martiarena, Jose Luis",Jujuy,argentinadatos
HCDN1036,"Martiarena, Mario Humberto",Jujuy,argentinadatos
HCDN2764,"Martin, Juan",Santa Fe,argentinadatos
HCDN1355,"Martinez Campos, Gustavo Jose",Chaco,argentinadatos
HCDN1032,"Martinez Oddone, Heriberto Agustin",Cordoba,argentinadatos
HCDN1511,"Martinez Villada, Leonor Maria",Cordoba,argentinadatos
HCDN2938,"Martinez, Alvaro",Mendoza,argentinadatos+hcdn
HCDN1498,"Martinez, Ana Laura",Santa Fe,argentinadatos
HCDN1562,"Martinez, Dario",Neuquen,argentinadatos
HCDN2816,"Martinez, Dolores",CABA,argentinadatos
HCDN1186,"Martinez, Ernesto Felix",Cordoba,argentinadatos
HCDN2789,"Martinez, German Pedro",Santa Fe,argentinadatos+hcdn
HCDN0770,"Martinez, Julio Cesar",La Rioja,argentinadatos
HCDN2776,"Martinez, Maria Rosa",Buenos Aires,argentinadatos
HCDN1408,"Martinez, Oscar Anselmo",Tierra Del Fuego,argentinadatos
HCDN1278,"Martinez, Oscar Ariel",Santa Fe,argentinadatos
HCDN1525,"Martinez, Silvia Alejandra",Jujuy,argentinadatos
HCDN1187,"Martinez, Soledad",Buenos Aires,argentinadatos
HCDN2860,"Marziotta, Gisela",CABA,argentinadatos
HCDN1473,"Masin, Maria Lucila",Chaco,argentinadatos
HCDN1107,"Massa, Sergio Tomas",Buenos Aires,argentinadatos
HCDN1515,"Massei, Juan Carlos",Cordoba,argentinadatos
HCDN1504,"Massetani, Vanesa Laura",Santa Fe,argentinadatos
HCDN1571,"Masso, Federico Augusto",Tucuman,argentinadatos
HCDN1512,"Massot, Nicolas",Buenos Aires,argentinadatos+hcdn
HCDN2948,"Mastaler, Magali",Santa Fe,argentinadatos
HCDN2391,"Matzen, Lorena",Rio Negro,argentinadatos
hcdn-matzkin-martin,"Matzkin, Martín",LA PAMPA,hcdn
HCDN3196,"Maureira, Karina",Neuquen,argentinadatos+hcdn
HCDN3071,"Mayoraz, Nicolas",Santa Fe,argentinadatos+hcdn
HCDN1362,"Mazure, Liliana Amalia",CABA,argentinadatos
HCDN1188,"Mazzarella, Susana del Valle",Cordoba,argentinadatos
HCDN2392,"Medina, Gladys",Tucuman,argentinadatos+hcdn
HCDN2393,"Medina, Martin Nicolas",Buenos Aires,argentinadatos
HCDN2433,"Mendoza, Josefina",Buenos Aires,argentinadatos
HCDN1279,"Mendoza, Mayra Soledad",Buenos Aires,argentinadatos
HCDN1189,"Mendoza, Sandra Marcela",Chaco,argentinadatos
HCDN3107,"Menem, Martin",La Rioja,argentinadatos+hcdn
HCDN2394,"Menna, Gustavo",Chubut,argentinadatos
HCDN1190,"Mera, Dalmacio",Catamarca,argentinadatos
HCDN1470,"Mercado, Veronica",Catamarca,argentinadatos
HCDN1004,"Merchan, Paula Cecilia",Cordoba,argentinadatos
HCDN1005,"Merlo, Mario Raul",San Luis,argentinadatos
HCDN1367,"Mestre, Diego Matias",Cordoba,argentinadatos
HCDN1280,"Metaza, Mario Alfredo",Santa Cruz,argentinadatos
HCDN3246,"Metral Asensio, Julieta",Mendoza,argentinadatos+hcdn
HCDN3218,"Michel, Guillermo",Entre Rios,argentinadatos+hcdn
HCDN1191,"Michetti, Marta Gabriela",CABA,argentinadatos
HCDN2880,"Milei, Javier Gerardo",CABA,argentinadatos
HCDN1192,"Milman, Gerardo",Buenos Aires,argentinadatos
HCDN3220,"Miño, Fernanda",Buenos Aires,argentinadatos+hcdn
HCDN2738,"Mirabella, Roberto",Santa Fe,argentinadatos
HCDN1478,"Miranda, Pedro Ruben",Mendoza,argentinadatos
HCDN1281,"Mirkin, Beatriz Graciela",Tucuman,argentinadatos
HCDN0903,"Moises, Maria Carolina",Jujuy,argentinadatos
HCDN1223,"Molas, Pedro Omar",Catamarca,argentinadatos
HCDN3244,"Molina, Juan Carlos",Santa Cruz,argentinadatos+hcdn
HCDN1528,"Molina, Karina Alejandra",La Rioja,argentinadatos
HCDN1282,"Molina, Manuel Isauro",Catamarca,argentinadatos
HCDN3162,"Molinuevo, Soledad",Tucuman,argentinadatos+hcdn
HCDN3056,"Molle, Matias",Buenos Aires,argentinadatos+hcdn
HCDN2395,"Monaldi, Osmar Antonio",Jujuy,argentinadatos
HCDN3245,"Mondaca, Soledad",Neuquen,argentinadatos+hcdn
HCDN1520,"Monfort, Marcelo Alejandro",Entre Rios,argentinadatos
HCDN0774,"Mongelo, Jose Ricardo",Chaco,argentinadatos
HCDN3236,"Monguillot, Fernando",Catamarca,argentinadatos+hcdn
HCDN3095,"Montenegro, Guillermo",Buenos Aires,argentinadatos+hcdn
HCDN2396,"Montenegro, Guillermo Tristan",Buenos Aires,argentinadatos
HCDN3187,"Montenegro, Juan Pablo",Santa Fe,argentinadatos+hcdn
HCDN1006,"Montero, Laura Gisela",Mendoza,argentinadatos
HCDN2927,"Monti, Francisco",Catamarca,argentinadatos
HCDN2808,"Montoto, Maria Luisa",Santiago Del Estero,argentinadatos
HCDN0698,"Montoya, Jorge Luciano",Cordoba,argentinadatos
HCDN1440,"Monzo, Emilio",Buenos Aires,argentinadatos
HCDN3045,"Monzon, Roxana",Buenos Aires,argentinadatos+hcdn
HCDN2767,"Morales Gorleri, Victoria",CABA,argentinadatos
HCDN2397,"Morales, Flavia",Misiones,argentinadatos
HCDN1531,"Morales, Mariana Elizabet",Santiago Del Estero,argentinadatos
HCDN1080,"Moran, Juan Carlos",Buenos Aires,argentinadatos
HCDN3008,"Moran, Micaela",Buenos Aires,argentinadatos
HCDN1007,"Morante, Antonio Arnaldo Maria",Chaco,argentinadatos
HCDN3046,"Morchio, Francisco",Entre Rios,argentinadatos+hcdn
HCDN1463,"Moreau, Cecilia",Buenos Aires,argentinadatos+hcdn
vote-moreau-leopoldo,"Moreau, Leopoldo",,votes
HCDN0303,"Moreau, Leopoldo Raul Guido",Buenos Aires,argentinadatos
HCDN1008,"Morejon, Manuel Amor",Chubut,argentinadatos
HCDN3103,"Moreno Ovalle, Julio",Salta,argentinadatos+hcdn
HCDN0905,"Moreno, Carlos Julio",Buenos Aires,argentinadatos
HCDN3104,"Moreno, Maria de los Angeles",San Juan,argentinadatos
HCDN2536,"Moretti, Jose Luis",La Rioja,argentinadatos
HCDN2398,"Mosqueda, Juan",Chaco,argentinadatos
HCDN1193,"Mouilleron, Roberto Mario",Buenos Aires,argentinadatos
HCDN2857,"Mounier, Patricia",Santa Fe,argentinadatos
HCDN3241,"Moyano, Hugo Antonio",Buenos Aires,argentinadatos+hcdn
HCDN1283,"Moyano, Juan Facundo",Buenos Aires,argentinadatos
HCDN2980,"Moyano, Nilda",Santiago Del Estero,argentinadatos
HCDN3015,"Mraida, Gabriel Sebastian",Buenos Aires,argentinadatos
HCDN3191,"Mukdise, Jorge",Santiago Del Estero,argentinadatos+hcdn
HCDN1284,"Müller, Edgar Raul",Cordoba,argentinadatos
HCDN0019,"Müller, Mabel Hilda",Buenos Aires,argentinadatos
HCDN3251,"Muñoz, Gabriela Luciana",Neuquen,argentinadatos+hcdn
HCDN2434,"Muñoz, Rosa Rosario",Chubut,argentinadatos
HCDN2399,"Najul, Claudia",Mendoza,argentinadatos
HCDN1487,"Nanni, Miguel",Salta,argentinadatos
HCDN1285,"Navarro, Graciela",Santiago Del Estero,argentinadatos
HCDN1516,"Nazario, Adriana Monica",Cordoba,argentinadatos
HCDN1194,"Nebreda, Carmen Rosa",Cordoba,argentinadatos
HCDN2340,"Neder, Estela Mary",Santiago Del Estero,argentinadatos+hcdn
HCDN0035,"Negri, Mario Raul",Cordoba,argentinadatos
HCDN2983,"Nieri, Lisandro",Mendoza,argentinadatos+hcdn
HCDN3177,"Niveyro, Miriam",Buenos Aires,argentinadatos+hcdn
HCDN3076,"Noblega, Sebastian",Catamarca,argentinadatos+hcdn
HCDN3197,"Noguera, Javier",Tucuman,argentinadatos+hcdn
HCDN1500,"Nuñez, Jose",Santa Fe,argentinadatos+hcdn
HCDN2788,"Obeid, Alejandra del Huerto",Santa Fe,argentinadatos
HCDN0453,"Obeid, Jorge Alberto",Santa Fe,argentinadatos
HCDN0960,"Obiglio, Julian Martin",CABA,argentinadatos
HCDN0454,"Ocaña, Graciela",Buenos Aires,argentinadatos
HCDN3203,"Ojeda, Joaquin",Buenos Aires,argentinadatos+hcdn
HCDN0906,"Oliva, Cristian Rodolfo",Santiago Del Estero,argentinadatos
HCDN1430,"Olivares, Hector Enrique",La Rioja,argentinadatos
HCDN2400,"Oliveto Lago, Paula",CABA,argentinadatos
HCDN1197,"Olmedo, Alfredo Horacio",Salta,argentinadatos
HCDN3012,"Olmos, Kelly",CABA,argentinadatos+hcdn
HCDN2909,"Omodeo, Paula",Tucuman,argentinadatos
HCDN1286,"Oporto, Mario Nestor",Buenos Aires,argentinadatos
HCDN1496,"Orellana, Jose Fernando",Tucuman,argentinadatos
HCDN2760,"Ormachea, Claudia Beatriz",Buenos Aires,argentinadatos
HCDN3096,"Orozco, Emilia",Salta,argentinadatos
HCDN2801,"Orrego, Humberto Marcelo",San Juan,argentinadatos
HCDN1196,"Orsolini, Pablo Eduardo",Chaco,argentinadatos
HCDN2867,"Ortega, Carlos",Buenos Aires,argentinadatos
HCDN1287,"Ortiz Correa, Marcia Sara Maria",Catamarca,argentinadatos
HCDN1288,"Ortiz, Mariela",Jujuy,argentinadatos
HCDN0633,"Osuna, Blanca Ines",Entre Rios,argentinadatos+hcdn
HCDN3100,"Outes, Pablo",Salta,argentinadatos+hcdn
HCDN3061,"Pagano, Marcela Marina",Buenos Aires,argentinadatos+hcdn
HCDN1009,"Pais, Juan Mario",Chubut,argentinadatos
HCDN2904,"Palazzo, Sergio Omar",Buenos Aires,argentinadatos+hcdn
HCDN3158,"Palladino, Claudia Maria",Catamarca,argentinadatos+hcdn
HCDN1198,"Pansa, Sergio Horacio",San Luis,argentinadatos
HCDN2922,"Paponet, Liliana",Mendoza,argentinadatos
HCDN1199,"Parada, Liliana Beatriz",CABA,argentinadatos
HCDN1037,"Paredes Urquiza, Alberto Nicolas",La Rioja,argentinadatos
HCDN3181,"Pareja, Sebastian",Buenos Aires,argentinadatos+hcdn
HCDN2784,"Parola, Maria Graciela",Formosa,argentinadatos+hcdn
HCDN1010,"Paroli, Raul Omar",Catamarca,argentinadatos
HCDN1048,"Parrilli, Nanci Maria Agustina",Neuquen,argentinadatos
HCDN1081,"Pasini, Ariel Osvaldo Eloy",Buenos Aires,argentinadatos
HCDN1460,"Passo, Marcela Fabiana",Buenos Aires,argentinadatos
HCDN1386,"Pastori, Luis Mario",Misiones,argentinadatos
HCDN1011,"Pastoriza, Mirta Ameliana",Santiago Del Estero,argentinadatos
HCDN3250,"Patiño Brizuela, Marcos",Cordoba,argentinadatos+hcdn
HCDN1564,"Patiño, Jose Luis",CABA,argentinadatos
HCDN3105,"Pauli, Santiago",Tierra Del Fuego,argentinadatos+hcdn
HCDN3108,"Paulon, Esteban",Santa Fe,argentinadatos+hcdn
HCDN2902,"Pedrali, Gabriela",La Rioja,argentinadatos+hcdn
HCDN1356,"Pedrini, Juan Manuel",Chaco,argentinadatos
HCDN3160,"Pellegrini, Agustin",Santa Fe,argentinadatos+hcdn
HCDN3249,"Pelli, Federico Agustin",Tucuman,argentinadatos+hcdn
HCDN3040,"Peluc, Jose",San Juan,argentinadatos+hcdn
HCDN2821,"Penacca, Paula Andrea",CABA,argentinadatos+hcdn
HCDN1583,"Peñaloza Marianetti, Maria Florencia",San Juan,argentinadatos
HCDN1012,"Peralta, Fabian Francisco",Santa Fe,argentinadatos
HCDN1013,"Pereyra, Guillermo Antonio",Mendoza,argentinadatos
HCDN1513,"Pereyra, Juan Manuel",Cordoba,argentinadatos
HCDN2915,"Pereyra, Julio",Buenos Aires,argentinadatos
HCDN2769,"Perez Araujo, Hernan",La Pampa,argentinadatos
HCDN2871,"Perez Plaza, Eber Albano",Mendoza,argentinadatos
HCDN0781,"Perez, Adrian",Buenos Aires,argentinadatos
HCDN1200,"Perez, Alberto Jose",San Luis,argentinadatos
HCDN1014,"Perez, Jorge Raul",Santiago Del Estero,argentinadatos
HCDN1409,"Perez, Martin Alejandro",Tierra Del Fuego,argentinadatos
HCDN1462,"Perez, Raul Joaquin",Buenos Aires,argentinadatos
HCDN0783,"Perie, Hugo Ruben",Corrientes,argentinadatos
HCDN1039,"Perie, Julia Argentina",Misiones,argentinadatos
HCDN1289,"Perotti, Omar Angel",Santa Fe,argentinadatos
HCDN1231,"Perroni, Ana Maria",Corrientes,argentinadatos
HCDN2404,"Pertile, Elda",Chaco,argentinadatos
HCDN1385,"Petri, Luis",Mendoza,argentinadatos+hcdn
HCDN3228,"Petrovich, Maria Lorena",Buenos Aires,argentinadatos+hcdn
HCDN3051,"Picat, Luis Albino",Cordoba,argentinadatos+hcdn
HCDN2405,"Piccolomini, Maria Carla",Buenos Aires,argentinadatos
HCDN0022,"Pichetto, Miguel Angel",Buenos Aires,argentinadatos+hcdn
HCDN3050,"Picon Martinez, Nancy Viviana",San Juan,argentinadatos+hcdn
HCDN1201,"Piemonte, Hector Horacio",Buenos Aires,argentinadatos
HCDN1290,"Pietragalla Corti, Horacio",Buenos Aires,argentinadatos+hcdn
HCDN1202,"Pilatti Vergara, Maria Ines",Chaco,argentinadatos
HCDN0785,"Pinedo, Federico",CABA,argentinadatos
HCDN1133,"Pinto, Sergio Damian",Mendoza,argentinadatos
HCDN2940,"Piparo, Carolina",Buenos Aires,argentinadatos
HCDN1469,"Pitiot, Carla Betina",CABA,argentinadatos
HCDN3242,"Pitrola, Nestor",Buenos Aires,argentinadatos+hcdn
HCDN1348,"Pitrola, Nestor Antonio",Buenos Aires,argentinadatos
HCDN1203,"Plaini, Francisco Omar",Buenos Aires,argentinadatos
HCDN0818,"Poggi, Claudio Javier",San Luis,argentinadatos
HCDN3082,"Pokoik, Lorena",CABA,argentinadatos+hcdn
HCDN2929,"Polini, Juan Carlos",Chaco,argentinadatos
HCDN2353,"Polledo, Carmen",CABA,argentinadatos
HCDN2762,"Ponce, Carlos Ybrhain",San Luis,argentinadatos
HCDN3069,"Ponce, Maria Celeste",Cordoba,argentinadatos+hcdn
HCDN1015,"Portela, Agustin Alberto",Corrientes,argentinadatos
HCDN3078,"Potenza, Luciana",Buenos Aires,argentinadatos+hcdn
HCDN3151,"Prades, C. Facundo",Santa Cruz,argentinadatos
vote-prades-carlos-facundo,"Prades, Carlos Facundo",,votes
HCDN1291,"Pradines, Roberto Arturo",Mendoza,argentinadatos
HCDN1509,"Pretto, Pedro Javier",Cordoba,argentinadatos
HCDN1016,"Prieto, Hugo Nelson",Neuquen,argentinadatos
HCDN2905,"Propato, Agustina Lucrecia",Buenos Aires,argentinadatos+hcdn
HCDN1322,"Pucheta, Ramona",Buenos Aires,argentinadatos
HCDN0462,"Puerta, Federico Ramon",Misiones,argentinadatos
HCDN0230,"Puiggros, Adriana Victoria",Buenos Aires,argentinadatos
HCDN2406,"Quetglas, Fabio Jose",Buenos Aires,argentinadatos
HCDN1471,"Quintar, Amado",Catamarca,argentinadatos
HCDN3097,"Quintar, Manuel",Jujuy,argentinadatos+hcdn
HCDN1132,"Quintero, Marta Beatriz",La Rioja,argentinadatos
HCDN1204,"Quiroga, Horacio Rodolfo",Neuquen,argentinadatos
HCDN0463,"Quiroz, Elsa Siria",Buenos Aires,argentinadatos
HCDN2945,"Quiroz, Marilu",Chaco,argentinadatos
HCDN1472,"Rach Quiroga, Analia",Chaco,argentinadatos
HCDN1558,"Raffo, Julio",CABA,argentinadatos
HCDN0132,"Raimundi, Carlos",Buenos Aires,argentinadatos
HCDN2407,"Ramon, Jose Luis",Mendoza,argentinadatos
HCDN1492,"Ramos, Alejandro",Santa Fe,argentinadatos
HCDN1042,"Randazzo, Florencio",Buenos Aires,argentinadatos
HCDN1292,"Rasino, Elida Elena",Santa Fe,argentinadatos
HCDN2408,"Rauschenberger, Ariel",La Pampa,argentinadatos+hcdn
HCDN3159,"Ravera, Valentina",Santa Fe,argentinadatos+hcdn
HCDN1453,"Raverta, Maria Fernanda",Buenos Aires,argentinadatos
HCDN3234,"Ravier, Adrian",La Pampa,argentinadatos
HCDN3110,"Razzini, Veronica",Santa Fe,argentinadatos+hcdn
HCDN1205,"Re, Hilma Leonor",Entre Rios,argentinadatos
HCDN0910,"Recalde, Hector Pedro",Buenos Aires,argentinadatos
HCDN1293,"Redczuk, Oscar Felipe",Misiones,argentinadatos
HCDN1206,"Regazzoli, Maria Cristina",La Pampa,argentinadatos
HCDN2409,"Regidor Belledone, Estela Mercedes",Corrientes,argentinadatos
HCDN3175,"Reichardt, Karen",Buenos Aires,argentinadatos+hcdn
HCDN1017,"Rejal, Jesus Fernando",La Rioja,argentinadatos
HCDN2795,"Rey, Maria Lujan",Buenos Aires,argentinadatos
HCDN1030,"Reyes, Maria Fernanda",CABA,argentinadatos
vote-reyes-roxana,"Reyes, Roxana",,votes
HCDN2410,"Reyes, Roxana Nahir",Santa Cruz,argentinadatos
HCDN2820,"Rezinovsky, Dina",CABA,argentinadatos
HCDN1397,"Riccardo, Jose Luis",San Luis,argentinadatos
HCDN2439,"Ricci, Nadia Lorena",Santa Cruz,argentinadatos
HCDN3229,"Riesco, Gaston",Neuquen,argentinadatos+hcdn
HCDN1294,"Riestra, Antonio Sabino",Santa Fe,argentinadatos
HCDN1083,"Rioboo, Sandra Adriana",Buenos Aires,argentinadatos
HCDN1295,"Rios, Liliana Maria",Entre Rios,argentinadatos
HCDN0825,"Rios, Roberto Fabian",Corrientes,argentinadatos
HCDN3149,"Ripoll, Vilma",Buenos Aires,argentinadatos
HCDN1207,"Risko, Silvia Lucrecia",Misiones,argentinadatos
HCDN1510,"Rista, Olga Maria",Cordoba,argentinadatos
HCDN0788,"Ritondo, Cristian A.",Buenos Aires,argentinadatos+hcdn
HCDN1208,"Rivara, Raul Alberto",Buenos Aires,argentinadatos
HCDN1296,"Rivarola, Ruben Armando",Jujuy,argentinadatos
HCDN0235,"Rivas, Jorge",Buenos Aires,argentinadatos
HCDN2754,"Rizzotti, Jorge",Jujuy,argentinadatos+hcdn
HCDN1297,"Roberti, Alberto Oscar",Buenos Aires,argentinadatos
HCDN3167,"Roberto, Santiago Luis",CABA,argentinadatos+hcdn
HCDN1209,"Robledo, Roberto Ricardo",La Pampa,argentinadatos
HCDN3235,"Roca, Gonzalo",Cordoba,argentinadatos+hcdn
HCDN2411,"Rodenas, Alejandra",Santa Fe,argentinadatos
vote-rodriguez-machado-laura,"Rodriguez Machado, Laura",,votes
HCDN1548,"Rodriguez Machado, Laura Elena",Cordoba,argentinadatos+hcdn
HCDN2845,"Rodriguez Saa, Nicolas",Buenos Aires,argentinadatos
HCDN2774,"Rodriguez, Alejandro Topo",Buenos Aires,argentinadatos
HCDN1046,"Rodriguez, Evaristo Arturo",Santa Cruz,argentinadatos
HCDN0642,"Rodriguez, Marcela Virginia",Buenos Aires,argentinadatos
HCDN1494,"Rodriguez, Matias David",Tierra Del Fuego,argentinadatos
HCDN3233,"Rodriguez, Miguel",Tierra Del Fuego,argentinadatos+hcdn
HCDN1457,"Rodriguez, Rodrigo Martin",Buenos Aires,argentinadatos
HCDN1298,"Rogel, Fabian Dulio",Entre Rios,argentinadatos
HCDN1507,"Roma, Carlos Gaston",Tierra Del Fuego,argentinadatos
HCDN2952,"Romero, Ana Clara",Chubut,argentinadatos
HCDN2412,"Romero, Jorge Antonio",Corrientes,argentinadatos
HCDN1349,"Romero, Oscar Alberto",Buenos Aires,argentinadatos
HCDN2752,"Romero, Victor Hugo",Cordoba,argentinadatos
HCDN1490,"Roquel, Hector Alberto",Santa Cruz,argentinadatos
HCDN0912,"Rossi, Agustin Oscar",Santa Fe,argentinadatos+hcdn
HCDN1018,"Rossi, Alejandro Luis",Santa Fe,argentinadatos
HCDN1368,"Rossi, Blanca Araceli",Cordoba,argentinadatos
HCDN1019,"Rossi, Cipriana Lorena",Rio Negro,argentinadatos
HCDN2413,"Rosso, Victoria",San Luis,argentinadatos
HCDN2750,"Ruarte, Adriana Noemi",Cordoba,argentinadatos
HCDN1370,"Rubin, Carlos Gustavo",Corrientes,argentinadatos
HCDN1210,"Rucci, Claudia Monica",Buenos Aires,argentinadatos
HCDN1517,"Ruiz Aragon, Jose Arnaldo",Corrientes,argentinadatos
HCDN1299,"Ruiz, Aida Delia",Santiago Del Estero,argentinadatos
HCDN1084,"Ruiz, Ramon",Buenos Aires,argentinadatos
HCDN3036,"Ruiz, Yamila",Misiones,argentinadatos+hcdn
HCDN2414,"Russo, Laura",Buenos Aires,argentinadatos
HCDN2415,"Saadi, Gustavo Arturo",Catamarca,argentinadatos
HCDN1211,"Sabbatella, Martin",Buenos Aires,argentinadatos
HCDN1300,"Sacca, Luis Fernando",Tucuman,argentinadatos
HCDN2416,"Sahad, Julio Enrique",La Rioja,argentinadatos
HCDN0915,"Salim, Juan Arturo",Tucuman,argentinadatos
HCDN1398,"Salino, Fernando Aldo",San Luis,argentinadatos
HCDN2811,"Salvador, Sebastian Nicolas",Buenos Aires,argentinadatos
HCDN2417,"Salvarezza, Roberto",Buenos Aires,argentinadatos
HCDN3238,"Salzmann, Marina Dorotea",Buenos Aires,argentinadatos+hcdn
HCDN1387,"San Martin, Adrian",Neuquen,argentinadatos
HCDN3148,"Sanchez Wrba, Javier",Buenos Aires,argentinadatos+hcdn
HCDN0955,"Sanchez, Fernando",CABA,argentinadatos
HCDN2755,"Sanchez, Francisco",Neuquen,argentinadatos
HCDN2887,"Sanchez, Roberto Antonio",Tucuman,argentinadatos
HCDN2817,"Sand, Nancy",Corrientes,argentinadatos+hcdn
HCDN3039,"Santillan Juarez Brahim, Juliana",Buenos Aires,argentinadatos+hcdn
HCDN1301,"Santillan, Walter Marcelo",Tucuman,argentinadatos
HCDN2951,"Santilli, Diego",Buenos Aires,argentinadatos
HCDN0238,"Santin, Eduardo",Buenos Aires,argentinadatos
HCDN2892,"Santoro, Leandro",CABA,argentinadatos
HCDN2939,"Santos, Gustavo",Cordoba,argentinadatos
HCDN3065,"Santurio, Santiago",Buenos Aires,argentinadatos+hcdn
HCDN2418,"Sapag, Alma Liliana",Neuquen,argentinadatos
HCDN3016,"Sarapura, Natalia Silvina",Jujuy,argentinadatos
HCDN0917,"Sarghini, Jorge Emilio",Buenos Aires,argentinadatos
HCDN0791,"Sartori, Diego Horacio",Misiones,argentinadatos
HCDN1085,"Satragno, Lidia Elsa",Buenos Aires,argentinadatos
HCDN2883,"Sayago, Silvia",Santiago Del Estero,argentinadatos
HCDN1404,"Scaglia, Gisela",Santa Fe,argentinadatos+hcdn
HCDN1040,"Scalesi, Juan Carlos",Rio Negro,argentinadatos
HCDN0646,"Schiaretti, Juan",Cordoba,argentinadatos+hcdn
HCDN2763,"Schiavoni, Alfredo Oscar",Misiones,argentinadatos
HCDN2419,"Schlereth, David Pablo",Neuquen,argentinadatos
HCDN2444,"Schlotthauer, Monica Leticia",Buenos Aires,argentinadatos
HCDN1302,"Schmidt Liermann, Cornelia",CABA,argentinadatos
HCDN3195,"Schneider, Dario",Entre Rios,argentinadatos+hcdn
HCDN1350,"Schwindt, Maria Liliana",Buenos Aires,argentinadatos
HCDN0240,"Scioli, Daniel",Buenos Aires,argentinadatos
HCDN1020,"Sciutto, Ruben Dario",Tierra Del Fuego,argentinadatos
HCDN1369,"Scotto, Silvia Carolina",Cordoba,argentinadatos
HCDN1086,"Segarra, Adela Rosa",Buenos Aires,argentinadatos
HCDN1459,"Selva, Carlos Americo",Buenos Aires,argentinadatos
HCDN3054,"Selva, Sabrina",Buenos Aires,argentinadatos+hcdn
HCDN1371,"Semhan, Maria de las Mercedes",Corrientes,argentinadatos
HCDN1429,"Seminara, Eduardo Jorge",Santa Fe,argentinadatos
HCDN1087,"Serebrinsky, Gustavo Eduardo",Buenos Aires,argentinadatos
HCDN3216,"Serquis, Adriana Cristina",Rio Negro,argentinadatos+hcdn
HCDN2420,"Sierra, Magdalena",Buenos Aires,argentinadatos
HCDN2421,"Siley, Vanesa Raquel",Buenos Aires,argentinadatos+hcdn
HCDN1303,"Simoncini, Silvia Rosa",Santa Fe,argentinadatos
HCDN0792,"Sluga, Juan Carlos",Buenos Aires,argentinadatos
HCDN1526,"Snopek, Alejandro Francisco",Jujuy,argentinadatos
HCDN1524,"Snopek, Guillermo",Jujuy,argentinadatos+hcdn
HCDN1089,"Sola, Felipe Carlos",Buenos Aires,argentinadatos
HCDN1212,"Solanas, Fernando Ezequiel",CABA,argentinadatos
HCDN0648,"Solanas, Julio Rodolfo",Entre Rios,argentinadatos
HCDN3163,"Soldano, Laura",Cordoba,argentinadatos+hcdn
HCDN1497,"Soraire, Mirta Alicia",Tucuman,argentinadatos
HCDN1569,"Sorgente, Marcelo Adolfo",CABA,argentinadatos
HCDN1390,"Soria, Maria Emilia",Rio Negro,argentinadatos
HCDN2773,"Soria, Martin",Rio Negro,argentinadatos
HCDN1508,"Sosa, Soledad",Mendoza,argentinadatos
HCDN0921,"Soto, Gladys Beatriz",Chaco,argentinadatos
HCDN2914,"Sotolano, Maria",Buenos Aires,argentinadatos
HCDN2878,"Souto, Natalia Marcela",Buenos Aires,argentinadatos
HCDN1405,"Spinozzi, Ricardo Adrian",Santa Fe,argentinadatos
HCDN2849,"Sposito, Ayelen",Rio Negro,argentinadatos
HCDN2422,"Stefani, Hector Antonio",Tierra Del Fuego,argentinadatos
HCDN2828,"Stilman, Mariana",Buenos Aires,argentinadatos
HCDN2925,"Stolbizer, Margarita",Buenos Aires,argentinadatos
HCDN0244,"Stolbizer, Margarita Rosa",Buenos Aires,argentinadatos
HCDN1213,"Storani, Maria Luisa",Buenos Aires,argentinadatos
HCDN1021,"Storni, Silvia",Cordoba,argentinadatos
HCDN3033,"Strada, Julia",Buenos Aires,argentinadatos+hcdn
HCDN1363,"Sturzenegger, Federico Adolfo",CABA,argentinadatos
HCDN2423,"Suarez Lastra, Facundo",CABA,argentinadatos
HCDN1477,"Taboada, Jorge",Chubut,argentinadatos
HCDN2981,"Taccetta, Matias",Chubut,argentinadatos
HCDN0841,"Taiana, Jorge",Buenos Aires,argentinadatos+hcdn
HCDN1455,"Tailhade, Rodolfo",Buenos Aires,argentinadatos+hcdn
HCDN2895,"Tavela, Danya",Buenos Aires,argentinadatos
HCDN2920,"Tejeda, Maria Victoria",Santa Fe,argentinadatos
HCDN1357,"Tejedor, Miguel Angel",Chaco,argentinadatos
HCDN1377,"Tentor, Hector Olindo",Jujuy,argentinadatos
HCDN3222,"Tepp, Caren",Santa Fe,argentinadatos+hcdn
HCDN1214,"Terada, Alicia",Chaco,argentinadatos
HCDN2943,"Tetaz, Martin Alberto",CABA,argentinadatos
HCDN0924,"Thomas, Enrique Luis",Mendoza,argentinadatos
HCDN1304,"Tineo, Javier Hector",La Rioja,argentinadatos
HCDN3227,"Tita, Paulo Agustin",Tierra Del Fuego,argentinadatos+hcdn
HCDN3083,"Todero, Pablo",Neuquen,argentinadatos+hcdn
HCDN1400,"Toledo, Susana Maria",Santa Cruz,argentinadatos
HCDN2896,"Tolosa Paz, Victoria",Buenos Aires,argentinadatos+hcdn
HCDN1215,"Tomas, Hector Daniel",San Juan,argentinadatos
HCDN1354,"Tomassi, Nestor Nicolas",Catamarca,argentinadatos
HCDN3213,"Tomassoni, Yamile",Santa Fe,argentinadatos+hcdn
HCDN0926,"Tonelli, Pablo Gabriel",CABA,argentinadatos
HCDN2889,"Toniolli, Eduardo",Santa Fe,argentinadatos
HCDN1449,"Torello, Pablo",Buenos Aires,argentinadatos
HCDN1041,"Torfe, Monica Liliana",Salta,argentinadatos
HCDN1406,"Torres del Sel, Miguel Ignacio",Santa Fe,argentinadatos
HCDN3109,"Torres, Alejandra",Cordoba,argentinadatos+hcdn
HCDN2786,"Torres, Ignacio Agustin",Chubut,argentinadatos
HCDN3184,"Torres, Ruben Dario",Buenos Aires,argentinadatos+hcdn
HCDN1380,"Torroba, Francisco Javier",La Pampa,argentinadatos
HCDN2924,"Tortoriello, Anibal",Rio Negro,argentinadatos+hcdn
HCDN3142,"Tournier, Jose Federico",Corrientes,argentinadatos+hcdn
HCDN2277,"Tovares, Ramon Alberto",San Juan,argentinadatos
HCDN3102,"Treffinger, Cesar",Chubut,argentinadatos+hcdn
HCDN1216,"Triaca, Alberto Jorge",CABA,argentinadatos
HCDN1351,"Troiano, Gabriela Alejandra",Buenos Aires,argentinadatos
HCDN3180,"Trotta, Nicolas Alfredo",Buenos Aires,argentinadatos+hcdn
HCDN1352,"Tundis, Mirta",Buenos Aires,argentinadatos
HCDN1217,"Tunessi, Juan Pedro",Buenos Aires,argentinadatos
HCDN2753,"Uceda, Marisa Lourdes",Mendoza,argentinadatos
HCDN2854,"Uhrig, Romina",Buenos Aires,argentinadatos
HCDN0949,"Uñac, Jose Ruben",San Juan,argentinadatos
HCDN3239,"Urien, Hernan",Buenos Aires,argentinadatos+hcdn
HCDN1022,"Urlich, Carlos",Chaco,argentinadatos
HCDN1443,"Urroz, Paula Marcela",Buenos Aires,argentinadatos
HCDN2825,"Valdes, Eduardo Felix",CABA,argentinadatos+hcdn
HCDN1372,"Valdes, Gustavo Adolfo",Corrientes,argentinadatos
HCDN1305,"Valinotto, Jorge Anselmo",Cordoba,argentinadatos
HCDN3067,"Vallejos, Alfredo",Corrientes,argentinadatos
HCDN2424,"Vallejos, Fernanda",Buenos Aires,argentinadatos
HCDN2437,"Vallone, Andres Alberto",San Luis,argentinadatos
HCDN3031,"Vancsik, Daniel",Misiones,argentinadatos+hcdn
HCDN1306,"Vaquie, Enrique Andres",Mendoza,argentinadatos
HCDN2818,"Vara, Jorge",Corrientes,argentinadatos
HCDN0796,"Vargas Aignasse, Geronimo",Tucuman,argentinadatos
HCDN2899,"Vargas Matyi, Brenda",Buenos Aires,argentinadatos
HCDN3037,"Vasquez, Patricia",Buenos Aires,argentinadatos+hcdn
HCDN2425,"Vazquez, Juan Benedicto",Santa Cruz,argentinadatos
HCDN0041,"Vazquez, Silvia Beatriz",Buenos Aires,argentinadatos
HCDN1218,"Veaute, Mariana Alejandra",Catamarca,argentinadatos
HCDN1035,"Vega, Juan Carlos",Cordoba,argentinadatos
HCDN1574,"Vega, Maria Clara del Valle",La Rioja,argentinadatos
HCDN3038,"Vega, Yolanda",Salta,argentinadatos+hcdn
HCDN3173,"Velazquez, M. Elena",Buenos Aires,argentinadatos+hcdn
HCDN2279,"Vera Gonzalez, Orieta Cecilia",Catamarca,argentinadatos
HCDN3179,"Vera, Andrea Fernanda",Buenos Aires,argentinadatos+hcdn
HCDN1555,"Verasay, Pamela Fernanda",Mendoza,argentinadatos+hcdn
HCDN2866,"Veron, Jorge Guillermo",Santa Cruz,argentinadatos
HCDN2830,"Vessvessian, Paola",Santa Cruz,argentinadatos
HCDN1023,"Viale, Lisandro Alfredo",Entre Rios,argentinadatos
HCDN2957,"Vidal, Claudio Orlando",Santa Cruz,argentinadatos
HCDN2953,"Vidal, Maria Eugenia",CABA,argentinadatos
HCDN1219,"Videla, Nora Esther",San Luis,argentinadatos
HCDN2426,"Vigo, Alejandra Maria",Cordoba,argentinadatos
HCDN2798,"Vilar, Daniela Marina",Buenos Aires,argentinadatos
HCDN1024,"Vilariño, Jose Antonio",Salta,argentinadatos
HCDN2935,"Vilca, Alejandro",Jujuy,argentinadatos
HCDN1307,"Villa, Jose Antonio",San Juan,argentinadatos
HCDN2427,"Villa, Natalia Soledad",Buenos Aires,argentinadatos
HCDN1467,"Villalonga, Juan Carlos",CABA,argentinadatos
HCDN1388,"Villar Molina, Maria Ines",Neuquen,argentinadatos
HCDN2933,"Villarruel, Victoria",CABA,argentinadatos
HCDN1308,"Villata, Graciela Susana",Cordoba,argentinadatos
HCDN3091,"Villaverde, Lorena",Rio Negro,argentinadatos+hcdn
HCDN1502,"Villavicencio, Maria Teresita",Tucuman,argentinadatos
HCDN3214,"Visconti, Gino",La Rioja,argentinadatos+hcdn
HCDN2772,"Vivero, Carlos Alberto",Neuquen,argentinadatos
HCDN1456,"Volnovich, Luana",Buenos Aires,argentinadatos+hcdn
HCDN1135,"Wayar, Walter Raul",Salta,argentinadatos
HCDN1465,"Wechsler, Marcelo German",CABA,argentinadatos
HCDN2428,"Wellbach, Ricardo",Misiones,argentinadatos
HCDN0930,"West, Mariano Federico",Buenos Aires,argentinadatos
HCDN1485,"Wisky, Sergio Javier",Rio Negro,argentinadatos
HCDN1448,"Wolff, Waldo Ezequiel",Buenos Aires,argentinadatos
HCDN2779,"Yacobitti, Emiliano Benjamin",CABA,argentinadatos
HCDN1321,"Yagüe, Linda Cristina",Neuquen,argentinadatos
HCDN2826,"Yambrun, Liliana Patricia",Buenos Aires,argentinadatos
HCDN2876,"Yapor, Lucio",Buenos Aires,argentinadatos
HCDN1220,"Yarade, Fernando",Salta,argentinadatos
HCDN2429,"Yasky, Hugo",Buenos Aires,argentinadatos+hcdn
HCDN1323,"Yazbek, Ruben David",Catamarca,argentinadatos
HCDN2431,"Yedlin, Pablo Raul",Tucuman,argentinadatos+hcdn
HCDN3086,"Yeza, Martin",Buenos Aires,argentinadatos+hcdn
HCDN0313,"Yoma, Jorge Raul",La Rioja,argentinadatos
HCDN2856,"Yutrovic, Carolina",Tierra Del Fuego,argentinadatos
HCDN2986,"Zabala Chacur, Natalia",San Luis,argentinadatos
HCDN1309,"Zabalza, Juan Carlos",Santa Fe,argentinadatos
HCDN3073,"Zago, Oscar",CABA,argentinadatos+hcdn
HCDN2387,"Zamarbide, Federico Raul",Mendoza,argentinadatos
HCDN1331,"Zamarreño, Maria Eugenia",Buenos Aires,argentinadatos
HCDN2918,"Zangla, Maria Jose",San Luis,argentinadatos
HCDN2900,"Zapata, Carlos Raul",Salta,argentinadatos+hcdn
HCDN2976,"Zaracho, Natalia",Buenos Aires,argentinadatos+hcdn
HCDN1025,"Zavallo, Gustavo Marcelo",Entre Rios,argentinadatos
HCDN1310,"Ziebart, Cristina Isabel",Chubut,argentinadatos
HCDN1221,"Ziegler, Alex Roberto",Misiones,argentinadatos
HCDN3182,"Zigaran, Maria Ines",Jujuy,argentinadatos+hcdn
HCDN1527,"Ziliotto, Sergio Raul",La Pampa,argentinadatos
HCDN0656,"Zottos, Andres",Salta,argentinadatos
HCDN3077,"Zulli, Christian Alejandro",Corrientes,argentinadatos+hcdn
HCDN2823,"Zuvic, Mariana",CABA,argentinadatos
